provider_number,network,facility_name,five_star_date,five_star,five_star_data_availability_code,address_line_1,address_line_2,city,state,zip,county,phone_number,profit_or_nonprofit,chain_owned,chain_organization,late_shift,of_dialysis_stations,offers_incenter_hemodialysis,offers_peritoneal_dialysis,offers_home_hemodialysis_training,certification_or_recertification_date,claims_date,crownweb_date,strr_date,percentage_of_medicare_patients_with_hgb10_gdl,hgb10_data_availability_code,percentage_of_medicare_patients_with_hgb12_gdl,hgb__12_data_availability_code,number_of_dialysis_patients_with_hgb_data,patient_transfusion_data_availability_code,patient_transfusion_category_text,number_of_patients_included_in_the_transfusion_summary,percent_of_adult_hd_patients_with_ktv__12,adult_hd_ktv_data_availability_code,percentage_of_adult_pd_pts_with_ktv__17,adult_pd_ktv_data_availability_code,percentage_of_pediatric_hd_patients_with_ktv__12,pediatric_hd_ktv_data_availability_code,number_of_adult_hd_patients_with_ktv_data,number_of_adult_hd_patientmonths_with_ktv_data,number_of_adult_pd_patients_with_ktv_data,number_of_adult_pd_patientmonths_with_ktv_data,number_of_pediatric_hd_patients_with_ktv_data,number_of_pediatric_hd_patientmonths_with_ktv_data,hypercalcemia_data_availability_code,number_of_patients_in_hypercalcemia_summary,number_of_patientmonths_in_hypercalcemia_summary,percentage_of_adult_patients_with_hypercalcemia_serum_calci_0,number_of_patients_in_serum_phosphorus_summary,number_of_patientmonths_in_serum_phosphorus_summary,serum_phosphorus_data_availability_code,percentage_of_adult_patients_with_serum_phosphorus_less_tha_1,percentage_of_adult_patients_with_serum_phosphorus_between__2,percentage_of_adult_patients_with_serum_phosphorus_between__3,percentage_of_adult_patients_with_serum_phosphorus_between__4,percentage_of_adult_patients_with_serum_phosphorus_greater__5,shr_date,srr_date,smr_date,patient_hospitalization_category_text,patient_hospitalization_data_availability_code,patient_hospital_readmission_category,patient_hospital_readmission_data_availability_code,patient_survival_category_text,patient_survival_data_availability_code,number_of_patients_included_in_hospitalization_summary,number_of_hospitalizations_included_in_hospital_readmission_6,number_of_patients_included_in_survival_summary,mortality_rate_facility,mortality_rate_upper_confidence_limit_975,mortality_rate_lower_confidence_limit_25,readmission_rate_facility,readmission_rate_upper_confidence_limit_975,readmission_rate_lower_confidence_limit_25,hospitalization_rate_facility,hospitalization_rate_upper_confidence_limit_975,hospitalization_rate_lower_confidence_limit_25,number_of_pediatric_pd_patients_with_ktv_data,pediatric_pd_ktv_data_availability_code,number_of_pediatric_pd_patientmonths_with_ktv_data,percentage_of_pediatric_pd_patients_with_ktv18,sir_date,patient_infection_data_availability_code,patient_infection_category_text,standard_infection_ratio,sir_upper_confidence_limit_975,sir_lower_confidence_limit_25,transfusion_rate_facility,transfusion_rate_upper_confidence_limit_975,transfusion_rate_lower_confidence_limit_25,fistula_data_availability_code,fistula_category_text,number_of_patients_included_in_fistula_summary,fistula_rate_facility,fistula_rate_upper_confidence_limit_975,fistula_rate_lower_confidence_limit_25,number_of_patients_in_long_term_catheter_summary,number_of_patient_months_in_long_term_catheter_summary,long_term_catheter_data_availability_code,percentage_of_adult_patients_with_long_term_catheter_in_use,number_of_patients_in_npcr_summary,number_of_patientmonths_in_npcr_summary,npcr_data_availability_code,percentage_of_pediatric_hd_patients_with_npcr,swr_date,swr_category_text,patient_transplant_waitlist_data_availability_code,95_ci_upper_limit_for_swr,95_ci_lower_limit_for_swr,number_of_patients_in_this_facility_for_swr,standardized_first_kidney_transplant_waitlist_ratio,pppw_category_text,patient_prevalent_transplant_waitlist_data_availability_code,95_ci_upper_limit_for_pppw,95_ci_lower_limit_for_pppw,number_of_patients_for_pppw,percentage_of_prevalent_patients_waitlisted
333543,2,NYU LANGONE HOSPITALS,01/01/2016-12/31/2019,3,1,255 WARNER AVENUE,,ROSLYN HEIGHTS,NY,11577,NASSAU,(516) 626-8355,Non-Profit,No,INDEPENDENT,0,3,1,0,0,05/31/2002,01/01/2019-12/31/2019,01/01/2019-12/31/2019,01/01/2019-12/31/2019,6,1,0,1,18,199,Not Available,31,95,1,,257,,259,35,164,0,,0,,1,36,166,0,47,189,1,18,31,30,20,1,01/01/2019-12/31/2019,01/01/2019-12/31/2019,01/01/2016-12/31/2019,As Expected,1,As Expected,1,As Expected,1,41,62,153,21,28.7,14.9,30.5,44.7,19.2,165,297.1,95.7,0,259,,,01/01/2019-12/31/2019,1,As Expected,0.42,2.05,0.02,,,,1,As Expected,47,63,97.2,26.4,47,189,1,27,0,,259,,01/01/2016-12/31/2018,Not Available,199,,,18,,Not Available,199,,,7,
333555,2,NASSAU UNIVERSITY MEDICAL CENTER,01/01/2016-12/31/2019,3,1,A. HOLLY PATERSON EXTENDED CARE FACILITY,875 JERUSALEM AVENUE,UNIONDALE,NY,11553,NASSAU,(516) 572-1800,Non-Profit,No,INDEPENDENT,1,29,1,1,0,02/08/2010,01/01/2019-12/31/2019,01/01/2019-12/31/2019,01/01/2019-12/31/2019,34,1,0,1,73,1,As Expected,102,91,1,,199,,259,132,1202,7,68,0,,1,152,1439,3,156,1427,1,16,25,24,22,12,01/01/2019-12/31/2019,01/01/2019-12/31/2019,01/01/2016-12/31/2019,As Expected,1,As Expected,1,As Expected,1,112,158,454,23.4,29.5,18.2,37,48.8,27.3,225.7,329,163.9,0,259,,,01/01/2019-12/31/2019,1,As Expected,1.54,2.52,0.88,32.5,66.5,17.9,1,Better than Expected,149,79,91,66.3,149,1390,1,7,0,,259,,01/01/2016-12/31/2018,As Expected,1,4.25,0.59,32,1.82,As Expected,1,39.8,9.3,96,20.7
333535,2,SOUTH NASSAU OUTPATIENT DIALYSIS CENTER,01/01/2016-12/31/2019,5,1,3618 OCEANSIDE ROAD,,OCEANSIDE,NY,11572,NASSAU,(516) 255-8000,Non-Profit,No,INDEPENDENT,1,18,1,0,0,05/15/2000,01/01/2019-12/31/2019,01/01/2019-12/31/2019,01/01/2019-12/31/2019,,199,,199,2,1,Worse than Expected,125,99,1,,257,,259,151,1287,0,,0,,1,158,1406,1,169,1464,1,4,25,39,20,12,01/01/2019-12/31/2019,01/01/2019-12/31/2019,01/01/2016-12/31/2019,As Expected,1,As Expected,1,Better than Expected,1,147,162,559,15.2,19.5,11.7,29.7,40.8,19.7,174,262,122.9,0,259,,,01/01/2019-12/31/2019,1,As Expected,0.38,1.03,0.1,37.3,72.6,21.3,1,Better than Expected,170,81.2,92.3,69.4,170,1472,1,10,0,,259,,01/01/2016-12/31/2018,Better than Expected,1,3.89,1.09,56,2.17,As Expected,1,45.4,14,107,26.9
332605,2,DAVITA GARDEN CITY DIALYSIS CENTER,01/01/2016-12/31/2019,3,1,1100 STEWART AVENUE,SUITE 2,GARDEN CITY,NY,11530,NASSAU,(516) 357-0004,Profit,Yes,DAVITA,0,31,1,0,0,06/06/2000,01/01/2019-12/31/2019,01/01/2019-12/31/2019,01/01/2019-12/31/2019,21,1,0,1,71,1,As Expected,92,98,1,,257,,259,140,1252,0,,0,,1,143,1329,9,145,1264,1,6,17,30,25,22,01/01/2019-12/31/2019,01/01/2019-12/31/2019,01/01/2016-12/31/2019,As Expected,1,As Expected,1,As Expected,1,114,110,492,20.4,26.3,15.5,26.1,39.3,16.2,175.2,282.2,116.9,0,259,,,01/01/2019-12/31/2019,1,As Expected,1.43,2.54,0.72,16.8,53.4,6.4,1,As Expected,155,69.6,83.5,54.7,155,1388,1,12,0,,259,,01/01/2016-12/31/2018,As Expected,1,2.96,0.65,45,1.5,Better than Expected,1,55.9,23.7,121,38.5
332388,2,S. NASSAU COMMUNITIES HOSP.,01/01/2016-12/31/2019,,260,1 HEALTHY WAY,DIALYSIS - ACUTE UNIT,OCEANSIDE,NY,11572,NASSAU,(516) 632-3944,Non-Profit,No,INDEPENDENT,0,3,1,1,0,02/06/1989,01/01/2019-12/31/2019,01/01/2019-12/31/2019,01/01/2019-12/31/2019,,201,,201,0,199,Not Available,3,,199,,201,,259,6,44,0,,0,,199,6,44,,6,48,199,,,,,,01/01/2019-12/31/2019,01/01/2019-12/31/2019,01/01/2016-12/31/2019,Not Available,199,Not Available,199,Not Available,199,5,8,16,,,,,,,,,,0,259,,,01/01/2019-12/31/2019,199,Not Available,,,,,,,199,Not Available,6,,,,6,50,199,,0,,259,,01/01/2016-12/31/2018,Not Available,201,,,0,,As Expected,1,86.3,9.7,12,45.1
332610,2,"WEST NASSAU DIALYSIS CTR, INC",01/01/2016-12/31/2019,3,1,75 ROCKAWAY AVENUE,,VALLEY STREAM,NY,11580,NASSAU,(516) 823-4444,Profit,No,INDEPENDENT,0,24,1,0,0,10/20/2000,01/01/2019-12/31/2019,01/01/2019-12/31/2019,01/01/2019-12/31/2019,7,1,2,1,82,1,As Expected,98,94,1,,257,,259,138,1221,0,,0,,1,154,1440,4,160,1431,1,8,27,34,24,7,01/01/2019-12/31/2019,01/01/2019-12/31/2019,01/01/2016-12/31/2019,As Expected,1,As Expected,1,As Expected,1,124,127,550,20.1,25.2,15.9,30.6,43.7,19.6,163.3,250,113.7,0,259,,,01/01/2019-12/31/2019,1,As Expected,0.56,1.24,0.21,46.6,123.6,20.6,1,As Expected,164,69.5,81.7,56.4,164,1506,1,14,0,,259,,01/01/2016-12/31/2018,As Expected,1,2.92,0.57,49,1.42,Better than Expected,1,52.6,20.4,117,34.8
332591,2,DAVITA PORT WASHINGTON DIALYSIS CENTER,01/01/2016-12/31/2019,5,1,50 SEAVIEW BLVD,,PORT WASHINGTON,NY,11050,NASSAU,(516) 484-3460,Profit,Yes,DAVITA,0,18,1,0,0,03/26/1999,01/01/2019-12/31/2019,01/01/2019-12/31/2019,01/01/2019-12/31/2019,12,1,0,1,58,1,As Expected,70,99,1,,257,,259,94,847,0,,0,,1,94,864,1,97,890,1,6,24,38,18,14,01/01/2019-12/31/2019,01/01/2019-12/31/2019,01/01/2016-12/31/2019,As Expected,1,As Expected,1,Better than Expected,1,88,86,346,14.7,19.5,10.9,25.4,38.5,15.1,157.4,262.5,102,0,259,,,01/01/2019-12/31/2019,1,As Expected,0.49,1.63,0.08,13.2,58.5,3.8,1,Better than Expected,99,87.5,99.2,74.9,99,902,1,3,0,,259,,01/01/2016-12/31/2018,Better than Expected,1,7.5,1.64,31,3.81,Better than Expected,1,71.4,24.6,57,47.5
332592,2,DAVITA LYNBROOK DIALYSIS CENTER,01/01/2016-12/31/2019,4,1,147 SCRANTON AVENUE,,LYNBROOK,NY,11563,NASSAU,(516) 596-4101,Profit,Yes,DAVITA,0,18,1,0,0,07/07/1999,01/01/2019-12/31/2019,01/01/2019-12/31/2019,01/01/2019-12/31/2019,8,1,2,1,64,1,As Expected,87,99,1,,257,,259,115,1028,0,,0,,1,116,1071,4,118,1076,1,5,18,37,24,16,01/01/2019-12/31/2019,01/01/2019-12/31/2019,01/01/2016-12/31/2019,As Expected,1,As Expected,1,As Expected,1,94,88,425,18,23.7,13.3,26.6,40.7,15.7,166,279,106.9,0,259,,,01/01/2019-12/31/2019,1,Better than Expected,0.18,0.89,0.01,28.2,70.3,13.2,1,As Expected,122,75.2,89.9,59.4,122,1103,1,8,0,,259,,01/01/2016-12/31/2018,As Expected,1,1.15,0,36,0,As Expected,1,42.3,8.5,85,20.7
332620,2,NEW HYDE PARK DIALYSIS CENTER,01/01/2016-12/31/2019,5,1,NEW HYDE PARK DIALYSIS CENTER,1574 HILLSIDE AVENUE,NEW HYDE PARK,NY,11040,NASSAU,(516) 327-5555,Profit,No,INDEPENDENT,1,24,1,1,1,08/06/2001,01/01/2019-12/31/2019,01/01/2019-12/31/2019,01/01/2019-12/31/2019,4,1,8,1,107,1,As Expected,145,96,1,88,1,,259,173,1530,30,272,0,,1,210,1967,3,224,2044,1,7,22,26,29,15,01/01/2019-12/31/2019,01/01/2019-12/31/2019,01/01/2016-12/31/2019,As Expected,1,As Expected,1,Better than Expected,1,174,193,724,17.9,21.9,14.4,29.8,40.5,20.5,174.7,253.2,127.5,0,259,,,01/01/2019-12/31/2019,1,Better than Expected,0.23,0.76,0.04,17,45.1,7.5,1,Better than Expected,194,82.6,91.1,73.5,194,1784,1,5,0,,259,,01/01/2016-12/31/2018,Better than Expected,1,4.9,1.84,83,3.1,Better than Expected,1,58.6,30.4,150,44
332336,2,NYU LANGONE HOSPITALS,01/01/2016-12/31/2019,4,1,200 OLD COUNTRY ROAD,THE DIALYSIS CENTER,MINEOLA,NY,11501,NASSAU,(516) 663-9012,Non-Profit,No,INDEPENDENT,1,31,1,1,1,03/07/1991,01/01/2019-12/31/2019,01/01/2019-12/31/2019,01/01/2019-12/31/2019,19,1,1,1,144,1,As Expected,193,97,1,65,1,,259,257,2271,32,222,0,,1,290,2631,1,305,2712,1,9,23,29,29,10,01/01/2019-12/31/2019,01/01/2019-12/31/2019,01/01/2016-12/31/2019,As Expected,1,Better than Expected,1,Better than Expected,1,228,228,898,16.2,19.6,13.3,19.2,27,12.7,162.2,224.4,123.1,0,259,,,01/01/2019-12/31/2019,1,As Expected,0.89,1.48,0.49,33.7,60.4,20.6,1,As Expected,278,68.9,78.9,58.1,278,2516,1,9,0,,259,,01/01/2016-12/31/2018,Better than Expected,1,2.81,1.16,112,1.85,Better than Expected,1,43.1,20.8,224,30.9
333522,2,NYU LANGONE HOSPITALS,01/01/2016-12/31/2019,5,1,530 HICKSVILLE ROAD,THE DIALYSIS CENTER @ BETHPAGE,BETHPAGE,NY,11714,NASSAU,(516) 663-4980,Non-Profit,No,INDEPENDENT,1,12,1,0,0,02/25/1998,01/01/2019-12/31/2019,01/01/2019-12/31/2019,01/01/2019-12/31/2019,10,1,0,1,60,1,Worse than Expected,82,97,1,,257,,259,112,909,0,,0,,1,113,922,0,120,976,1,4,15,28,37,16,01/01/2019-12/31/2019,01/01/2019-12/31/2019,01/01/2016-12/31/2019,As Expected,1,As Expected,1,Better than Expected,1,100,127,398,17.5,22.4,13.5,27.2,40.1,17.2,229.4,351.2,159.8,0,259,,,01/01/2019-12/31/2019,1,Better than Expected,0.18,0.88,0.01,42.7,96.6,21.6,1,Better than Expected,118,82.4,94.6,69.3,118,970,1,7,0,,259,,01/01/2016-12/31/2018,Not Available,199,,,32,,As Expected,1,48.4,10.8,67,25.2
332529,2,DAVITA FREEPORT KIDNEY CENTER,01/01/2016-12/31/2019,3,1,351 SOUTH MAIN STREET,,FREEPORT,NY,11520,NASSAU,(516) 623-1786,Profit,Yes,DAVITA,0,21,1,0,0,12/24/1984,01/01/2019-12/31/2019,01/01/2019-12/31/2019,01/01/2019-12/31/2019,12,1,0,1,49,1,As Expected,75,98,1,,257,,259,107,822,0,,0,,1,109,889,4,113,911,1,5,20,31,23,20,01/01/2019-12/31/2019,01/01/2019-12/31/2019,01/01/2016-12/31/2019,As Expected,1,As Expected,1,As Expected,1,89,113,447,23.9,30.4,18.5,21.5,33.3,12.8,202.6,309,134.3,0,259,,,01/01/2019-12/31/2019,1,As Expected,1.42,2.7,0.66,36.5,90.8,17,1,As Expected,114,72.2,86.9,56.4,114,955,1,12,0,,259,,01/01/2016-12/31/2018,As Expected,1,3.62,0.5,37,1.55,As Expected,1,42.2,7.8,82,19.9
332552,2,DAVITA OYSTER BAY DIALYSIS,01/01/2016-12/31/2019,4,1,17 E OLD COUNTRY ROAD,,HICKSVILLE,NY,11801,NASSAU,(516) 681-2786,Profit,Yes,DAVITA,1,25,1,1,1,06/23/1994,01/01/2019-12/31/2019,01/01/2019-12/31/2019,01/01/2019-12/31/2019,19,1,0,1,74,1,As Expected,97,97,1,,199,,259,131,1146,1,7,0,,1,134,1188,2,146,1226,1,8,26,35,18,13,01/01/2019-12/31/2019,01/01/2019-12/31/2019,01/01/2016-12/31/2019,As Expected,1,Worse than Expected,1,As Expected,1,111,161,463,20,24.8,15.8,42.3,54.9,31.4,218,320.9,157.1,0,259,,,01/01/2019-12/31/2019,1,As Expected,0.41,1.12,0.11,30.8,72.8,15,1,Better than Expected,145,81.3,92.2,69.6,145,1219,1,9,0,,259,,01/01/2016-12/31/2018,As Expected,1,3.4,0.74,66,1.72,As Expected,1,49.2,17.1,105,30.9
332558,2,FRESENIUS KIDNEY CARE BELLMORE,01/01/2016-12/31/2019,5,1,250 PETTIT AVENUE,,BELLMORE,NY,11710,NASSAU,(516) 679-3090,Profit,Yes,FRESENIUS MEDICAL CARE,1,20,1,0,0,06/11/2018,01/01/2019-12/31/2019,01/01/2019-12/31/2019,01/01/2019-12/31/2019,13,1,1,1,93,1,As Expected,105,96,1,,257,,259,149,1303,0,,0,,1,153,1370,2,162,1436,1,6,20,27,33,13,01/01/2019-12/31/2019,01/01/2019-12/31/2019,01/01/2016-12/31/2019,As Expected,1,As Expected,1,Better than Expected,1,136,144,562,14.2,17.9,11.2,25.6,35.8,18.1,186,273.8,134,0,259,,,01/01/2019-12/31/2019,1,As Expected,0.46,1.1,0.15,31.7,69,16.5,1,Better than Expected,162,79.4,90.5,67.4,162,1433,1,10,0,,259,,01/01/2016-12/31/2018,As Expected,1,4.19,0.71,48,1.92,As Expected,1,50.4,17.6,98,31.8
332750,2,DAVITA FLORAL PARK HOME DIALYSIS (PD),01/01/2016-12/31/2019,5,1,1 CISNEY AVE,,FLORAL PARK,NY,11001,NASSAU,(516) 327-9502,Profit,Yes,DAVITA,0,1,0,1,0,03/02/2017,01/01/2019-12/31/2019,01/01/2019-12/31/2019,01/01/2019-12/31/2019,36,1,0,1,11,199,Not Available,18,,256,100,1,,259,0,,14,106,0,,1,23,180,0,24,186,1,2,25,34,23,16,01/01/2019-12/31/2019,01/01/2019-12/31/2019,01/01/2016-12/31/2019,As Expected,1,As Expected,1,As Expected,1,21,11,41,13.8,49.8,1.7,22.1,64.3,2.4,127.8,353.6,49.7,0,259,,,01/01/2019-12/31/2019,201,Not Available,,,,,,,199,Not Available,10,,,,10,79,199,,0,,259,,01/01/2016-12/31/2018,Not Available,199,,,4,,As Expected,1,82.2,14.6,17,47.1
332753,2,"MAIN STREET DIALYSIS CENTER, LLC",01/01/2016-12/31/2019,4,1,3 NORTH MAIN STREET,,FREEPORT,NY,11520,NASSAU,(516) 771-7112,Profit,No,INDEPENDENT,0,24,1,0,0,04/28/2017,01/01/2019-12/31/2019,01/01/2019-12/31/2019,01/01/2019-12/31/2019,,199,,199,4,199,Not Available,7,96,1,,257,,259,15,145,0,,0,,1,15,145,0,17,149,1,19,49,21,9,1,01/01/2019-12/31/2019,01/01/2019-12/31/2019,01/01/2016-12/31/2019,Not Available,199,As Expected,1,As Expected,1,8,18,21,29,74.2,7.9,32.2,64.1,10.8,,,,0,259,,,01/01/2019-12/31/2019,201,Not Available,,,,,,,1,As Expected,17,65.9,100,27.1,17,150,1,11,0,,259,,01/01/2016-12/31/2018,Not Available,199,,,4,,As Expected,1,81.1,0.7,13,14.7
332754,2,DAVITA JULIA AND ISRAEL WALDBAUM DIALYSIS,01/01/2016-12/31/2019,5,1,100 COMMUNITY DRIVE,WALDBAUM DIALYSIS CENTER,GREAT NECK,NY,11021,NASSAU,(516) 465-8250,Profit,Yes,DAVITA,0,34,1,1,0,11/01/2016,01/01/2019-12/31/2019,01/01/2019-12/31/2019,01/01/2019-12/31/2019,29,1,0,1,112,1,As Expected,129,97,1,97,1,,199,172,1590,44,371,2,5,1,221,2035,3,228,2046,1,6,22,34,24,14,01/01/2019-12/31/2019,01/01/2019-12/31/2019,01/01/2016-12/31/2019,As Expected,1,As Expected,1,Better than Expected,1,168,216,630,11.9,16.1,8.6,26.5,34.8,19.9,216.2,300.5,163.4,2,199,7,,01/01/2019-12/31/2019,1,As Expected,1.28,2.17,0.69,34.2,69,19,1,Better than Expected,188,78.2,88.7,67,188,1698,1,7,3,6,199,,01/01/2016-12/31/2018,As Expected,1,4.06,0.79,39,1.97,Better than Expected,1,45.2,20.6,189,31.6
332634,2,WOODMERE DIALYSIS LLC,01/01/2016-12/31/2019,1,1,FIVE TOWNS PREMIER NURSING AND REHABILITATION,1050 CENTRAL AVENUE,WOODMERE,NY,11598,NASSAU,(516) 791-5277,Profit,No,INDEPENDENT,0,14,1,0,0,06/11/2003,01/01/2019-12/31/2019,01/01/2019-12/31/2019,01/01/2019-12/31/2019,62,1,0,1,47,1,Worse than Expected,102,94,1,,257,,259,162,862,0,,0,,1,168,901,11,185,951,1,15,27,24,23,10,01/01/2019-12/31/2019,01/01/2019-12/31/2019,01/01/2016-12/31/2019,As Expected,1,As Expected,1,Worse than Expected,1,134,115,469,40.7,48.1,34.2,25.2,35.1,17.3,153.5,231.1,103,0,259,,,01/01/2019-12/31/2019,201,Not Available,,,,51.5,102.6,28.9,1,As Expected,194,57.7,72.9,41.5,194,967,1,33,0,,259,,01/01/2016-12/31/2018,Not Available,199,,,42,,As Expected,1,78.5,0.2,16,8.4
332521,2,FRESENIUS KIDNEY CARE - HEMPSTEAD,01/01/2016-12/31/2019,3,1,615 PENINSULA BOULEVARD,,HEMPSTEAD,NY,11550,NASSAU,(516) 483-6702,Profit,Yes,FRESENIUS MEDICAL CARE,1,20,1,0,0,06/11/2018,01/01/2019-12/31/2019,01/01/2019-12/31/2019,01/01/2019-12/31/2019,20,1,0,1,75,1,As Expected,95,97,1,,257,,259,134,1244,0,,0,,1,138,1297,4,152,1327,1,9,20,25,29,17,01/01/2019-12/31/2019,01/01/2019-12/31/2019,01/01/2016-12/31/2019,As Expected,1,As Expected,1,As Expected,1,113,137,478,19.3,24.5,14.9,31.5,44.7,21.3,197.3,300,138.3,0,259,,,01/01/2019-12/31/2019,1,Better than Expected,0.25,0.82,0.04,31.5,68.7,16.4,1,As Expected,155,63,78.1,46.7,155,1372,1,10,0,,259,,01/01/2016-12/31/2018,As Expected,1,1.74,0.01,39,0.31,As Expected,1,40.4,10,112,21.6
332738,2,NEW YORK DIALYSIS SERVICES INC.,01/01/2016-12/31/2019,5,1,760 SOUTH BROADWAY,,HICKSVILLE,NY,11801,NASSAU,(516) 827-1370,Profit,Yes,FRESENIUS MEDICAL CARE,0,14,1,1,1,06/29/2016,01/01/2019-12/31/2019,01/01/2019-12/31/2019,01/01/2019-12/31/2019,22,1,0,1,45,1,Worse than Expected,73,97,1,95,1,,259,88,736,18,133,0,,1,104,916,0,107,952,1,7,26,27,25,15,01/01/2019-12/31/2019,01/01/2019-12/31/2019,01/01/2016-12/31/2019,As Expected,1,As Expected,1,As Expected,1,86,92,241,22,30.4,15.5,30.3,45.6,18.2,222.8,337.3,148.7,0,259,,,01/01/2019-12/31/2019,1,As Expected,0.4,1.33,0.07,70.4,144.1,38.7,1,Better than Expected,94,82.8,94.9,69.8,94,821,1,5,0,,259,,01/01/2016-12/31/2018,As Expected,1,3.2,0.7,65,1.62,As Expected,1,33.9,4.9,86,14
332765,2,"NEW YORK DIALYSIS SERVICES, INC.",01/01/2016-12/31/2019,4,1,185 S 10TH STREET,,LINDENHURST,NY,11757,SUFFOLK,(631) 956-6060,Profit,Yes,FRESENIUS MEDICAL CARE,0,18,1,0,0,07/14/2017,01/01/2019-12/31/2019,01/01/2019-12/31/2019,01/01/2019-12/31/2019,39,1,0,1,41,1,Worse than Expected,54,99,1,,257,,259,81,661,0,,0,,1,83,714,2,96,749,1,9,23,25,26,17,01/01/2019-12/31/2019,01/01/2019-12/31/2019,01/01/2016-12/31/2019,As Expected,1,As Expected,1,As Expected,1,66,91,153,18.8,30.6,10.8,25.1,37.4,15.5,221.1,347.2,142.4,0,259,,,01/01/2019-12/31/2019,1,As Expected,0.38,1.25,0.06,58.9,139.3,28.7,1,As Expected,97,69,84.9,52,97,766,1,10,0,,259,,01/01/2016-12/31/2018,As Expected,1,1.94,0.01,30,0.35,As Expected,1,45.3,8.5,67,21.7
332760,2,WOODMERE DIALYSIS LLC,01/01/2016-12/31/2019,3,1,64 COUNTY ROAD 39,,SOUTHAMPTON,NY,11968,SUFFOLK,(631) 443-2400,Profit,No,INDEPENDENT,0,9,1,0,0,05/31/2017,01/01/2019-12/31/2019,01/01/2019-12/31/2019,01/01/2019-12/31/2019,71,1,0,1,14,199,Not Available,17,94,1,,257,,259,24,140,0,,0,,1,24,149,1,33,167,1,11,37,33,14,5,01/01/2019-12/31/2019,01/01/2019-12/31/2019,01/01/2016-12/31/2019,As Expected,1,As Expected,1,As Expected,1,25,47,55,33,55.3,18,35,48.3,22.3,257.3,446.3,154.4,0,259,,,01/01/2019-12/31/2019,1,As Expected,0.38,1.85,0.02,,,,1,As Expected,31,72.8,100,40.9,31,159,1,20,0,,259,,01/01/2016-12/31/2018,Not Available,199,,,2,,Not Available,199,,,4,
333527,2,LONG ISLAND COMMUNITY HOSPITAL,01/01/2016-12/31/2019,4,1,109  WEST MAIN STREET,DIALYSIS SATELLITE,PATCHOGUE,NY,11772,SUFFOLK,(631) 687-2828,Non-Profit,No,INDEPENDENT,1,24,1,1,0,07/27/1998,01/01/2019-12/31/2019,01/01/2019-12/31/2019,01/01/2019-12/31/2019,7,1,0,1,128,1,Worse than Expected,153,96,1,,199,,259,200,1783,6,37,0,,1,220,2065,1,225,2089,1,9,26,29,28,7,01/01/2019-12/31/2019,01/01/2019-12/31/2019,01/01/2016-12/31/2019,As Expected,1,As Expected,1,Better than Expected,1,180,200,761,17.6,21,14.5,31.7,41.9,21.5,188.7,261,143.4,0,259,,,01/01/2019-12/31/2019,1,As Expected,0.6,1.14,0.28,34.3,61.6,21.1,1,Better than Expected,222,74.9,84.7,64.4,222,2070,1,10,0,,259,,01/01/2016-12/31/2018,Not Available,199,,,10,,As Expected,1,34.2,10.1,154,19.4
333533,2,STONY BROOK SOUTHAMPTON HOSPITAL REGIONAL DIALYSIS CENTER,01/01/2016-12/31/2019,3,1,184 WEST MONTAUK HGWY,,HAMPTON BAYS,NY,11946,SUFFOLK,(631) 723-4200,Non-Profit,No,INDEPENDENT,1,17,1,0,0,03/02/2000,01/01/2019-12/31/2019,01/01/2019-12/31/2019,01/01/2019-12/31/2019,18,1,0,1,39,1,As Expected,43,93,1,,257,,259,71,568,0,,0,,1,75,622,1,75,649,1,5,22,36,26,11,01/01/2019-12/31/2019,01/01/2019-12/31/2019,01/01/2016-12/31/2019,As Expected,1,As Expected,1,As Expected,1,64,78,251,20.5,27.8,14.7,36,51.1,21.9,231.2,371.4,145.7,0,259,,,01/01/2019-12/31/2019,1,As Expected,0.45,1.49,0.08,10.7,88,1.8,1,As Expected,75,78.6,94.1,62,75,644,1,15,0,,259,,01/01/2016-12/31/2018,As Expected,1,3.99,0.42,27,1.56,As Expected,1,61.2,15.2,54,34.7
332721,2,FRESENIUS KIDNEY CARE- BAY SHORE,01/01/2016-12/31/2019,4,1,929 SUNRISE HIGHWAY,CHRONIC DIALYSIS CTR.,BAY SHORE,NY,11706,SUFFOLK,(631) 224-8500,Profit,Yes,FRESENIUS MEDICAL CARE,1,25,1,1,1,01/01/2015,01/01/2019-12/31/2019,01/01/2019-12/31/2019,01/01/2019-12/31/2019,25,1,0,1,100,1,Worse than Expected,141,98,1,84,1,,259,171,1605,13,83,0,,1,185,1800,1,188,1826,1,8,26,28,25,13,01/01/2019-12/31/2019,01/01/2019-12/31/2019,01/01/2016-12/31/2019,As Expected,1,As Expected,1,As Expected,1,162,230,728,19.8,24.1,16.1,32.3,40.6,24.4,215.4,295.1,164.9,0,259,,,01/01/2019-12/31/2019,1,Better than Expected,0.4,0.95,0.13,45.4,82.8,27.5,1,As Expected,179,70.9,82.9,58.1,179,1749,1,11,0,,259,,01/01/2016-12/31/2018,As Expected,1,2.63,0.63,69,1.39,As Expected,1,34.6,10.8,137,20.2
332310,2,HUNTINGTON HOSPITAL,01/01/2016-12/31/2019,1,1,270 PARK AVENUE,DIALYSIS UNIT,HUNTINGTON,NY,11743,SUFFOLK,(631) 351-2471,Non-Profit,No,INDEPENDENT,0,7,1,0,0,05/24/1982,01/01/2019-12/31/2019,01/01/2019-12/31/2019,01/01/2019-12/31/2019,,199,,199,9,199,Not Available,9,99,1,,257,,259,13,97,0,,0,,1,14,100,7,13,97,1,8,45,26,20,1,01/01/2019-12/31/2019,01/01/2019-12/31/2019,01/01/2016-12/31/2019,As Expected,1,As Expected,1,As Expected,1,12,21,44,32.8,56.1,17.5,31.5,54.6,13.3,333.6,696,168.7,0,259,,,01/01/2019-12/31/2019,201,Not Available,,,,,,,1,As Expected,14,41.8,88.3,0,14,108,1,23,0,,259,,01/01/2016-12/31/2018,Not Available,199,,,6,,As Expected,1,49.1,0.1,12,2.9
332724,2,CORAM DIALYSIS CENTER,01/01/2016-12/31/2019,3,1,1500 MIDDLE COUNTRY ROAD,,CENTEREACH,NY,11720,SUFFOLK,(631) 716-8758,Profit,Yes,FRESENIUS MEDICAL CARE,0,16,1,1,0,07/17/2015,01/01/2019-12/31/2019,01/01/2019-12/31/2019,01/01/2019-12/31/2019,15,1,0,1,60,1,As Expected,73,98,1,,199,,259,103,823,5,33,0,,1,112,891,2,117,898,1,6,24,32,26,12,01/01/2019-12/31/2019,01/01/2019-12/31/2019,01/01/2016-12/31/2019,As Expected,1,As Expected,1,As Expected,1,102,150,384,21.8,27.9,16.7,34.9,45.2,25.7,230.2,343.6,163.9,0,259,,,01/01/2019-12/31/2019,1,Better than Expected,0.11,0.56,0.01,20.9,66.2,8,1,As Expected,113,58,74.8,40.1,113,901,1,24,0,,259,,01/01/2016-12/31/2018,As Expected,1,3.47,0.58,49,1.59,As Expected,1,45.8,8.1,76,21.5
332405,2,ST. CATHERINE OF SIENA MED. CTR,01/01/2016-12/31/2019,3,1,50 ROUTE 25A,DIALYSIS UNIT,SMITHTOWN,NY,11787,SUFFOLK,(631) 862-3707,Non-Profit,No,INDEPENDENT,1,18,1,1,0,03/01/2000,01/01/2019-12/31/2019,01/01/2019-12/31/2019,01/01/2019-12/31/2019,15,1,0,1,75,1,As Expected,96,95,1,,199,,259,131,1054,2,13,0,,1,148,1222,3,156,1288,1,11,26,33,22,8,01/01/2019-12/31/2019,01/01/2019-12/31/2019,01/01/2016-12/31/2019,As Expected,1,As Expected,1,As Expected,1,129,197,507,22.1,26.7,18.2,31.4,40.1,23.3,214.8,308.1,158.2,0,259,,,01/01/2019-12/31/2019,1,As Expected,0.91,1.63,0.46,14,47.3,5.1,1,As Expected,155,65,79.4,49.6,155,1301,1,26,0,,259,,01/01/2016-12/31/2018,As Expected,1,2.18,0.07,44,0.6,As Expected,1,49.5,10.4,76,25.2
332332,2,LONG ISLAND COMMUNITY HOSPITAL,01/01/2016-12/31/2019,1,1,101 HOSPITAL ROAD,,PATCHOGUE,NY,11772,SUFFOLK,(631) 654-7160,Non-Profit,No,INDEPENDENT,1,6,1,0,0,09/11/1981,01/01/2019-12/31/2019,01/01/2019-12/31/2019,01/01/2019-12/31/2019,21,1,0,1,14,199,Not Available,32,93,1,,257,,259,36,187,0,,0,,1,42,222,0,66,294,1,18,27,25,20,10,01/01/2019-12/31/2019,01/01/2019-12/31/2019,01/01/2016-12/31/2019,As Expected,1,Worse than Expected,1,Worse than Expected,1,45,62,173,35.1,47.5,25.3,42.3,53.7,30.6,200.6,306.6,135.3,0,259,,,01/01/2019-12/31/2019,1,Better than Expected,0.15,0.72,0.01,,,,1,Worse than Expected,65,25.8,58.8,0,65,281,1,53,0,,259,,01/01/2016-12/31/2018,As Expected,1,1.35,0.14,108,0.53,As Expected,1,61.7,0.5,41,8.3
332555,2,DAVITA MEDFORD KIDNEY CENTER,01/01/2016-12/31/2019,5,1,1725 NORTH OCEAN AVENUE,,MEDFORD,NY,11763,SUFFOLK,(631) 289-8000,Profit,Yes,DAVITA,1,10,1,1,0,10/28/1994,01/01/2019-12/31/2019,01/01/2019-12/31/2019,01/01/2019-12/31/2019,12,1,0,1,50,1,As Expected,69,100,1,,199,,259,89,727,7,41,0,,1,98,823,4,101,844,1,11,24,36,17,12,01/01/2019-12/31/2019,01/01/2019-12/31/2019,01/01/2016-12/31/2019,As Expected,1,As Expected,1,Better than Expected,1,85,82,327,12,16.7,8.4,28.2,42,17.2,170.3,265.7,110.4,0,259,,,01/01/2019-12/31/2019,1,As Expected,0.48,1.59,0.08,11.9,61,3,1,As Expected,98,69.8,86.5,51.8,98,818,1,7,0,,259,,01/01/2016-12/31/2018,Not Available,199,,,27,,As Expected,1,43,6.6,69,18.8
332670,2,DAVITA LONG ISLAND RENAL CARE,01/01/2016-12/31/2019,3,1,3460 GREAT NECK ROAD,,AMITYVILLE,NY,11701,SUFFOLK,(631) 532-6969,Profit,Yes,DAVITA,1,24,1,1,0,10/28/2009,01/01/2019-12/31/2019,01/01/2019-12/31/2019,01/01/2019-12/31/2019,22,1,0,1,101,1,As Expected,124,96,1,91,1,,259,168,1564,12,86,0,,1,177,1708,3,183,1716,1,10,23,32,21,14,01/01/2019-12/31/2019,01/01/2019-12/31/2019,01/01/2016-12/31/2019,As Expected,1,As Expected,1,Better than Expected,1,150,168,619,15,19.5,11.4,26.4,35.8,18.5,196.6,279.6,145.9,0,259,,,01/01/2019-12/31/2019,1,Better than Expected,0,0.29,,25.4,57.5,12.8,1,As Expected,177,62.5,76,48.2,177,1670,1,15,0,,259,,01/01/2016-12/31/2018,Better than Expected,1,3.27,1.11,84,1.98,As Expected,1,40.3,13.7,138,24.7
332748,2,"NEW YORK DIALYSIS SERVICES, INC.",01/01/2016-12/31/2019,5,1,33 WALT WHITMAN ROAD,,HUNTINGTON STATION,NY,11746,SUFFOLK,(631) 547-4150,Profit,Yes,FRESENIUS MEDICAL CARE,0,26,1,1,0,08/01/2016,01/01/2019-12/31/2019,01/01/2019-12/31/2019,01/01/2019-12/31/2019,26,1,0,1,27,1,As Expected,37,96,1,,199,,259,45,388,2,5,0,,1,47,404,3,51,408,1,14,32,29,17,8,01/01/2019-12/31/2019,01/01/2019-12/31/2019,01/01/2016-12/31/2019,As Expected,1,As Expected,1,Better than Expected,1,47,48,121,13,22.2,6.9,15.4,28.9,6.1,175.4,296,109,0,259,,,01/01/2019-12/31/2019,1,As Expected,0,1.33,,34.8,126.3,11.8,1,Better than Expected,48,83.9,100,64.8,48,418,1,8,0,,259,,01/01/2016-12/31/2018,Not Available,199,,,18,,As Expected,1,72,10.4,29,35.3
332655,2,HAUPPAUGE DIALYSIS CENTER,01/01/2016-12/31/2019,4,1,30 CENTRAL AVENUE,,HAUPPAUGE,NY,11788,SUFFOLK,(631) 761-6605,Profit,Yes,FRESENIUS MEDICAL CARE,1,16,1,0,0,08/03/2007,01/01/2019-12/31/2019,01/01/2019-12/31/2019,01/01/2019-12/31/2019,33,1,0,1,51,1,As Expected,64,98,1,,257,,259,91,782,0,,0,,1,98,857,1,100,864,1,12,24,27,26,11,01/01/2019-12/31/2019,01/01/2019-12/31/2019,01/01/2016-12/31/2019,As Expected,1,As Expected,1,As Expected,1,83,116,359,16.6,22.6,11.8,32.8,45.3,21.4,224.4,333.5,152.5,0,259,,,01/01/2019-12/31/2019,1,As Expected,0.35,1.17,0.06,36.3,100,15.6,1,As Expected,101,68.8,85.6,50.9,101,898,1,8,0,,259,,01/01/2016-12/31/2018,As Expected,1,2.41,0.17,28,0.83,As Expected,1,35.7,4.2,68,13.5
332513,2,DAVITA HUNTINGTON ON BROADWAY DIALYSIS,01/01/2016-12/31/2019,4,1,256 BROADWAY,,HUNTINGTON STATION,NY,11746,SUFFOLK,(631) 423-4320,Profit,Yes,DAVITA,1,18,1,1,1,02/28/1983,01/01/2019-12/31/2019,01/01/2019-12/31/2019,01/01/2019-12/31/2019,16,1,0,1,58,1,As Expected,89,96,1,96,1,,259,92,744,12,82,0,,1,122,1061,2,133,1114,1,9,24,36,19,12,01/01/2019-12/31/2019,01/01/2019-12/31/2019,01/01/2016-12/31/2019,As Expected,1,As Expected,1,Better than Expected,1,102,102,498,14.2,18.7,10.5,30.4,44.8,18,203.5,327,136,0,259,,,01/01/2019-12/31/2019,1,As Expected,0.95,2.11,0.35,20.6,62,8.2,1,As Expected,123,70.9,85.9,54.9,123,1051,1,9,0,,259,,01/01/2016-12/31/2018,As Expected,1,3.89,0.76,40,1.89,As Expected,1,47.5,16.5,107,29.7
332752,2,DAVITA EAST ISLIP DIALYSIS,01/01/2016-12/31/2019,4,1,200 CARLETON AVENUE,,EAST ISLIP,NY,11730,SUFFOLK,(631) 581-0897,Profit,Yes,DAVITA,0,21,1,1,0,11/04/2016,01/01/2019-12/31/2019,01/01/2019-12/31/2019,01/01/2019-12/31/2019,22,1,0,1,59,1,As Expected,84,99,1,,199,,259,111,898,7,48,0,,1,119,976,2,128,1018,1,7,23,30,23,16,01/01/2019-12/31/2019,01/01/2019-12/31/2019,01/01/2016-12/31/2019,As Expected,1,As Expected,1,As Expected,1,97,126,250,16,22.4,11,35.1,49.3,22.9,209.4,324,144.5,0,259,,,01/01/2019-12/31/2019,1,As Expected,0.85,1.78,0.35,30.6,76.2,14.3,1,As Expected,125,71.1,86.4,54.7,125,981,1,12,0,,259,,01/01/2016-12/31/2018,Better than Expected,1,7.09,1.85,40,3.86,As Expected,1,38,7.3,93,18
332731,2,"MILLS POND DIALYSIS CENTER, LLC",01/01/2016-12/31/2019,2,1,134 GREAT EAST NECK ROAD,,WEST BABYLON,NY,11704,SUFFOLK,(631) 539-5600,Profit,No,INDEPENDENT,0,11,1,0,0,09/11/2015,01/01/2019-12/31/2019,01/01/2019-12/31/2019,01/01/2019-12/31/2019,80,1,0,1,54,1,Worse than Expected,69,94,1,,257,,259,89,729,0,,0,,1,95,797,3,96,844,1,13,32,26,21,8,01/01/2019-12/31/2019,01/01/2019-12/31/2019,01/01/2016-12/31/2019,As Expected,1,As Expected,1,As Expected,1,95,146,383,24.7,30,20.1,32.6,42,24.2,177.1,259.7,122,0,259,,,01/01/2019-12/31/2019,1,Better than Expected,0,0.29,,45.6,99.3,23.8,1,As Expected,95,50.5,70.6,29.1,95,821,1,42,0,,259,,01/01/2016-12/31/2018,As Expected,1,3.19,0.11,56,0.88,As Expected,1,57,1.4,36,11.9
332657,2,CARILLON DIALYSIS LLC,01/01/2016-12/31/2019,5,1,830 PARK AVENUE,,HUNTINGTON,NY,11743,SUFFOLK,(631) 630-0398,Profit,No,INDEPENDENT,0,8,1,0,0,09/05/2007,01/01/2019-12/31/2019,01/01/2019-12/31/2019,01/01/2019-12/31/2019,47,1,0,1,34,1,As Expected,44,99,1,,257,,259,61,452,0,,0,,1,61,457,3,68,468,1,13,26,31,23,7,01/01/2019-12/31/2019,01/01/2019-12/31/2019,01/01/2016-12/31/2019,As Expected,1,As Expected,1,Better than Expected,1,59,71,234,15.2,20.3,11.1,29.2,41.1,19.1,143.9,239.9,90.4,0,259,,,01/01/2019-12/31/2019,1,As Expected,1.16,3.17,0.3,42,111.5,18.6,1,As Expected,68,79.9,97.8,60.7,68,482,1,7,0,,259,,01/01/2016-12/31/2018,Not Available,199,,,11,,As Expected,1,82.1,7.5,12,37.9
332658,2,EAST END DIALYSIS MANAGEMENT LLC,01/01/2016-12/31/2019,3,1,762 HARRISON AVENUE,SOUTH BUILDING,RIVERHEAD,NY,11901,SUFFOLK,(631) 369-2005,Profit,No,INDEPENDENT,0,24,1,0,1,11/16/2007,01/01/2019-12/31/2019,01/01/2019-12/31/2019,01/01/2019-12/31/2019,19,1,4,1,80,1,As Expected,88,94,1,,257,,259,126,1107,0,,0,,1,129,1144,0,136,1211,1,7,26,33,24,11,01/01/2019-12/31/2019,01/01/2019-12/31/2019,01/01/2016-12/31/2019,As Expected,1,As Expected,1,As Expected,1,115,162,450,19.7,24.8,15.5,33,45.2,22.8,225.1,327.2,163.9,0,259,,,01/01/2019-12/31/2019,1,Better than Expected,0.12,0.61,0.01,38.7,82.8,20.5,1,As Expected,135,66.1,81.4,49.8,135,1203,1,12,0,,259,,01/01/2016-12/31/2018,As Expected,1,3.38,0.36,37,1.32,As Expected,1,40.3,5.2,66,16.2
332518,2,FMS-CENTRAL SUFFOLK  AKC,01/01/2016-12/31/2019,4,1,5225 NESCONSET HIGHWAY,UNIT #72 - BLDG.9,PT.JEFFERSN STATION,NY,11776,SUFFOLK,(631) 331-5600,Profit,Yes,FRESENIUS MEDICAL CARE,0,24,1,1,0,01/18/1982,01/01/2019-12/31/2019,01/01/2019-12/31/2019,01/01/2019-12/31/2019,14,1,0,1,102,1,Worse than Expected,110,99,1,97,1,,259,155,1237,11,72,0,,1,173,1395,2,179,1435,1,6,23,32,29,10,01/01/2019-12/31/2019,01/01/2019-12/31/2019,01/01/2016-12/31/2019,As Expected,1,As Expected,1,Better than Expected,1,150,202,573,15.4,19,12.3,27.9,36.6,19.8,203.3,286.8,151.9,0,259,,,01/01/2019-12/31/2019,1,Better than Expected,0.31,0.85,0.08,48.5,95.4,27.5,1,As Expected,173,74.1,86.2,61.2,173,1391,1,12,0,,259,,01/01/2016-12/31/2018,As Expected,1,3.97,0.96,51,2.09,As Expected,1,45.5,13.6,109,26.6
332570,2,"STONY BROOK KIDNEY CENTER, DCI",01/01/2016-12/31/2019,5,1,26 RESEARCH WAY,,EAST SETAUKET,NY,11733,SUFFOLK,(631) 444-0502,Non-Profit,Yes,"DIALYSIS CLINIC, INC.",1,26,1,1,0,08/06/1997,01/01/2019-12/31/2019,01/01/2019-12/31/2019,01/01/2019-12/31/2019,8,1,0,1,100,1,As Expected,106,94,1,85,1,,201,146,1217,23,197,0,,1,181,1587,1,191,1664,1,10,24,27,26,14,01/01/2019-12/31/2019,01/01/2019-12/31/2019,01/01/2016-12/31/2019,As Expected,1,As Expected,1,Better than Expected,1,146,173,577,14.4,18.4,11,24.1,33.4,15.9,162.9,239.8,117.4,0,201,,,01/01/2019-12/31/2019,1,Better than Expected,0.23,0.77,0.04,7.1,36.5,1.8,1,As Expected,169,72.3,84.6,59.2,169,1466,1,6,0,,201,,01/01/2016-12/31/2018,As Expected,1,3.65,0.62,42,1.68,Better than Expected,1,48.5,20.6,145,33.1
332663,2,ISLAND REHABILITATIVE SERVICES - COMMACK,01/01/2016-12/31/2019,5,1,68 HAUPPAUGE ROAD,,COMMACK,NY,11725,SUFFOLK,(631) 715-2740,Profit,No,INDEPENDENT,0,12,1,0,0,01/26/2009,01/01/2019-12/31/2019,01/01/2019-12/31/2019,01/01/2019-12/31/2019,24,1,0,1,63,1,As Expected,69,98,1,,257,,259,91,770,0,,0,,1,94,803,1,95,824,1,11,32,27,20,9,01/01/2019-12/31/2019,01/01/2019-12/31/2019,01/01/2016-12/31/2019,As Expected,1,As Expected,1,Better than Expected,1,85,115,398,14.1,17.8,11,22.1,32.2,13.9,163.4,262.1,109.4,0,259,,,01/01/2019-12/31/2019,1,As Expected,0.21,1.02,0.01,36.6,86.5,17.8,1,As Expected,95,69.9,87.3,51.3,95,821,1,8,0,,259,,01/01/2016-12/31/2018,As Expected,1,5.68,0.79,37,2.43,As Expected,1,61.9,11.7,37,31.7
